datetime,timestamp_desc,source,source_long,message,parser,display_name,tag
2025-04-13T11:53:44.289796+00:00,Last Visited Time,WEBHIST,Firefox History,https://www.google.com/search?client=ubuntu-sn&channel=fs&q=schrome+installer (chrome installer - Penelusuran Google) [count: 1] Host: www.google.com visited from:  (URL not typed directly) Transition: TYPED,sqlite/firefox_history,EXT:/home/javakanaya/snap/firefox/common/.mozilla/firefox/q8sqwvxo.default-1741919260855/places.sqlite,-
2025-04-13T11:53:44.289796+00:00,Last Visited Time,WEBHIST,Firefox History,https://www.google.com/search?client=ubuntu-sn&channel=fs&q=schrome+installer (chrome installer - Penelusuran Google) [count: 1] Host: www.google.com visited from:  (URL not typed directly) Transition: TYPED,sqlite/firefox_history,EXT:/home/javakanaya/snap/firefox/common/.mozilla/firefox/q8sqwvxo.default-1741919260855/places.sqlite-wal,-
2025-04-13T11:53:54.943101+00:00,Last Visited Time,WEBHIST,Firefox History,https://chromeenterprise.google/intl/id_id/download/ (Download Browser Perusahaan untuk Windows & Mac - Chrome Enterprise) [count: 2] Host: chromeenterprise.google visited from: https://www.google.com/search?client=ubuntu-sn&channel=fs&q=schrome+installer (www.google.com) (URL not typed directly) Transition: LINK,sqlite/firefox_history,EXT:/home/javakanaya/snap/firefox/common/.mozilla/firefox/q8sqwvxo.default-1741919260855/places.sqlite,-
2025-04-13T11:53:54.943101+00:00,Last Visited Time,WEBHIST,Firefox History,https://chromeenterprise.google/intl/id_id/download/ (Download Browser Perusahaan untuk Windows & Mac - Chrome Enterprise) [count: 2] Host: chromeenterprise.google visited from: https://www.google.com/search?client=ubuntu-sn&channel=fs&q=schrome+installer (www.google.com) (URL not typed directly) Transition: LINK,sqlite/firefox_history,EXT:/home/javakanaya/snap/firefox/common/.mozilla/firefox/q8sqwvxo.default-1741919260855/places.sqlite-wal,-
2025-04-13T11:54:03.939382+00:00,Last Visited Time,WEBHIST,Firefox History,https://chromeenterprise.google/intl/id_id/download/?modal-id=download-chrome (Download Browser Perusahaan untuk Windows & Mac - Chrome Enterprise) [count: 1] Host: chromeenterprise.google visited from: https://chromeenterprise.google/intl/id_id/download/ (chromeenterprise.google) (URL not typed directly) Transition: LINK,sqlite/firefox_history,EXT:/home/javakanaya/snap/firefox/common/.mozilla/firefox/q8sqwvxo.default-1741919260855/places.sqlite,-
2025-04-13T11:54:03.939382+00:00,Last Visited Time,WEBHIST,Firefox History,https://chromeenterprise.google/intl/id_id/download/?modal-id=download-chrome (Download Browser Perusahaan untuk Windows & Mac - Chrome Enterprise) [count: 1] Host: chromeenterprise.google visited from: https://chromeenterprise.google/intl/id_id/download/ (chromeenterprise.google) (URL not typed directly) Transition: LINK,sqlite/firefox_history,EXT:/home/javakanaya/snap/firefox/common/.mozilla/firefox/q8sqwvxo.default-1741919260855/places.sqlite-wal,-
2025-04-13T11:54:11.481635+00:00,Last Visited Time,WEBHIST,Firefox History,https://chromeenterprise.google/intl/id_id/download/ (Download Browser Perusahaan untuk Windows & Mac - Chrome Enterprise) [count: 2] Host: chromeenterprise.google visited from: https://chromeenterprise.google/intl/id_id/download/?modal-id=download-chrome (chromeenterprise.google) (URL not typed directly) Transition: LINK,sqlite/firefox_history,EXT:/home/javakanaya/snap/firefox/common/.mozilla/firefox/q8sqwvxo.default-1741919260855/places.sqlite,-
2025-04-13T11:54:11.481635+00:00,Last Visited Time,WEBHIST,Firefox History,https://chromeenterprise.google/intl/id_id/download/ (Download Browser Perusahaan untuk Windows & Mac - Chrome Enterprise) [count: 2] Host: chromeenterprise.google visited from: https://chromeenterprise.google/intl/id_id/download/?modal-id=download-chrome (chromeenterprise.google) (URL not typed directly) Transition: LINK,sqlite/firefox_history,EXT:/home/javakanaya/snap/firefox/common/.mozilla/firefox/q8sqwvxo.default-1741919260855/places.sqlite-wal,-
2025-04-13T11:54:24.152324+00:00,Last Visited Time,WEBHIST,Firefox History,https://www.google.com/search?client=ubuntu-sn&channel=fs&q=download+chomr+efor+linux (download chomr efor linux - Penelusuran Google) [count: 1] Host: www.google.com visited from:  (URL not typed directly) Transition: TYPED,sqlite/firefox_history,EXT:/home/javakanaya/snap/firefox/common/.mozilla/firefox/q8sqwvxo.default-1741919260855/places.sqlite,-
2025-04-13T11:54:24.152324+00:00,Last Visited Time,WEBHIST,Firefox History,https://www.google.com/search?client=ubuntu-sn&channel=fs&q=download+chomr+efor+linux (download chomr efor linux - Penelusuran Google) [count: 1] Host: www.google.com visited from:  (URL not typed directly) Transition: TYPED,sqlite/firefox_history,EXT:/home/javakanaya/snap/firefox/common/.mozilla/firefox/q8sqwvxo.default-1741919260855/places.sqlite-wal,-
2025-04-13T11:54:38.300856+00:00,Last Visited Time,WEBHIST,Firefox History,https://www.google.com/search?q=edge+for+linux&client=ubuntu-sn&hs=qyf&sca_esv=28ae211c8bd1d722&channel=fs&ei=8KX7Z-TNEKOZ4-EP2eCu4Ag&ved=0ahUKEwjkhZbG-dSMAxWjzDgGHVmwC4wQ4dUDCA8&uact=5&oq=edge+for+linux&gs_lp=Egxnd3Mtd2l6LXNlcnAiDmVkZ2UgZm9yIGxpbnV4MgUQABiABDIFEAAYgAQyBhAAGBYYHjIGEAAYFhgeMgYQABgWGB4yBhAAGBYYHjIGEAAYFhgeMgYQABgWGB4yBhAAGBYYHjIGEAAYFhgeSKU9UI0uWL08cAF4AZABAJgB0gGgAcgKqgEGMTAuMy4xuAEDyAEA-AEBmAIPoAKlC8ICChAAGLADGNYEGEfCAg0QABiABBiwAxhDGIoFwgIREC4YgAQYsQMY0QMYgwEYxwHCAgsQLhiABBixAxiDAcICDhAAGIAEGLEDGIMBGIoFwgIIEAAYgAQYsQPCAgsQABiABBixAxiDAcICChAAGIAEGEMYigXCAg0QABiABBixAxhDGIoFwgIIEC4YgAQYsQPCAgUQLhiABMICCBAAGBYYChgemAMA4gMFEgExIECIBgGQBgqSBwU5LjUuMaAHuV6yBwU4LjUuMbgHngs&sclient=gws-wiz-serp (edge for linux - Penelusuran Google) [count: 1] Host: www.google.com visited from: https://www.google.com/search?client=ubuntu-sn&channel=fs&q=download+chomr+efor+linux (www.google.com) (URL not typed directly) Transition: LINK,sqlite/firefox_history,EXT:/home/javakanaya/snap/firefox/common/.mozilla/firefox/q8sqwvxo.default-1741919260855/places.sqlite,-
2025-04-13T11:54:38.300856+00:00,Last Visited Time,WEBHIST,Firefox History,https://www.google.com/search?q=edge+for+linux&client=ubuntu-sn&hs=qyf&sca_esv=28ae211c8bd1d722&channel=fs&ei=8KX7Z-TNEKOZ4-EP2eCu4Ag&ved=0ahUKEwjkhZbG-dSMAxWjzDgGHVmwC4wQ4dUDCA8&uact=5&oq=edge+for+linux&gs_lp=Egxnd3Mtd2l6LXNlcnAiDmVkZ2UgZm9yIGxpbnV4MgUQABiABDIFEAAYgAQyBhAAGBYYHjIGEAAYFhgeMgYQABgWGB4yBhAAGBYYHjIGEAAYFhgeMgYQABgWGB4yBhAAGBYYHjIGEAAYFhgeSKU9UI0uWL08cAF4AZABAJgB0gGgAcgKqgEGMTAuMy4xuAEDyAEA-AEBmAIPoAKlC8ICChAAGLADGNYEGEfCAg0QABiABBiwAxhDGIoFwgIREC4YgAQYsQMY0QMYgwEYxwHCAgsQLhiABBixAxiDAcICDhAAGIAEGLEDGIMBGIoFwgIIEAAYgAQYsQPCAgsQABiABBixAxiDAcICChAAGIAEGEMYigXCAg0QABiABBixAxhDGIoFwgIIEC4YgAQYsQPCAgUQLhiABMICCBAAGBYYChgemAMA4gMFEgExIECIBgGQBgqSBwU5LjUuMaAHuV6yBwU4LjUuMbgHngs&sclient=gws-wiz-serp (edge for linux - Penelusuran Google) [count: 1] Host: www.google.com visited from: https://www.google.com/search?client=ubuntu-sn&channel=fs&q=download+chomr+efor+linux (www.google.com) (URL not typed directly) Transition: LINK,sqlite/firefox_history,EXT:/home/javakanaya/snap/firefox/common/.mozilla/firefox/q8sqwvxo.default-1741919260855/places.sqlite-wal,-
2025-04-13T11:54:46.175155+00:00,Last Visited Time,WEBHIST,Firefox History,https://www.google.com/search?q=firefox+for+linux&client=ubuntu-sn&hs=lJL&sca_esv=28ae211c8bd1d722&channel=fs&ei=_qX7Z-KmE4KYjuMPrfKZoQU&ved=0ahUKEwjine_M-dSMAxUCjGMGHS15JlQQ4dUDCA8&uact=5&oq=firefox+for+linux&gs_lp=Egxnd3Mtd2l6LXNlcnAiEWZpcmVmb3ggZm9yIGxpbnV4MgUQABiABDIFEAAYgAQyBRAAGIAEMgYQABgWGB4yBhAAGBYYHjIGEAAYFhgeMgYQABgWGB4yBhAAGBYYHjIGEAAYFhgeMgYQABgWGB5IthxQtwZY0RpwAXgBkAEBmAGbAaABjQ2qAQQxMS42uAEDyAEA-AEBmAIRoALcDMICChAAGLADGNYEGEfCAg0QABiABBiwAxhDGIoFwgIKEAAYgAQYQxiKBcICCxAAGIAEGLEDGIMBwgIIEAAYgAQYsQPCAg4QABiABBixAxiDARiKBcICDhAuGIAEGLEDGIMBGIoFwgINEAAYgAQYsQMYQxiKBcICCxAuGIAEGNEDGMcBwgIEEAAYA8ICDhAuGIAEGLEDGNEDGMcBmAMAiAYBkAYKkgcEMTEuNqAH4GCyBwQxMC42uAfUDA&sclient=gws-wiz-serp (firefox for linux - Penelusuran Google) [count: 1] Host: www.google.com visited from: https://www.google.com/search?q=edge+for+linux&client=ubuntu-sn&hs=qyf&sca_esv=28ae211c8bd1d722&channel=fs&ei=8KX7Z-TNEKOZ4-EP2eCu4Ag&ved=0ahUKEwjkhZbG-dSMAxWjzDgGHVmwC4wQ4dUDCA8&uact=5&oq=edge+for+linux&gs_lp=Egxnd3Mtd2l6LXNlcnAiDmVkZ2UgZm9yIGxpbnV4MgUQABiABDIFEAAYgAQyBhAAGBYYHjIGEAAYFhgeMgYQABgWGB4yBhAAGBYYHjIGEAAYFhgeMgYQABgWGB4yBhAAGBYYHjIGEAAYFhgeSKU9UI0uWL08cAF4AZABAJgB0gGgAcgKqgEGMTAuMy4xuAEDyAEA-AEBmAIPoAKlC8ICChAAGLADGNYEGEfCAg0QABiABBiwAxhDGIoFwgIREC4YgAQYsQMY0QMYgwEYxwHCAgsQLhiABBixAxiDAcICDhAAGIAEGLEDGIMBGIoFwgIIEAAYgAQYsQPCAgsQABiABBixAxiDAcICChAAGIAEGEMYigXCAg0QABiABBixAxhDGIoFwgIIEC4YgAQYsQPCAgUQLhiABMICCBAAGBYYChgemAMA4gMFEgExIECIBgGQBgqSBwU5LjUuMaAHuV6yBwU4LjUuMbgHngs&sclient=gws-wiz-serp (www.google.com) (URL not typed directly) Transition: LINK,sqlite/firefox_history,EXT:/home/javakanaya/snap/firefox/common/.mozilla/firefox/q8sqwvxo.default-1741919260855/places.sqlite,-
2025-04-13T11:54:46.175155+00:00,Last Visited Time,WEBHIST,Firefox History,https://www.google.com/search?q=firefox+for+linux&client=ubuntu-sn&hs=lJL&sca_esv=28ae211c8bd1d722&channel=fs&ei=_qX7Z-KmE4KYjuMPrfKZoQU&ved=0ahUKEwjine_M-dSMAxUCjGMGHS15JlQQ4dUDCA8&uact=5&oq=firefox+for+linux&gs_lp=Egxnd3Mtd2l6LXNlcnAiEWZpcmVmb3ggZm9yIGxpbnV4MgUQABiABDIFEAAYgAQyBRAAGIAEMgYQABgWGB4yBhAAGBYYHjIGEAAYFhgeMgYQABgWGB4yBhAAGBYYHjIGEAAYFhgeMgYQABgWGB5IthxQtwZY0RpwAXgBkAEBmAGbAaABjQ2qAQQxMS42uAEDyAEA-AEBmAIRoALcDMICChAAGLADGNYEGEfCAg0QABiABBiwAxhDGIoFwgIKEAAYgAQYQxiKBcICCxAAGIAEGLEDGIMBwgIIEAAYgAQYsQPCAg4QABiABBixAxiDARiKBcICDhAuGIAEGLEDGIMBGIoFwgINEAAYgAQYsQMYQxiKBcICCxAuGIAEGNEDGMcBwgIEEAAYA8ICDhAuGIAEGLEDGNEDGMcBmAMAiAYBkAYKkgcEMTEuNqAH4GCyBwQxMC42uAfUDA&sclient=gws-wiz-serp (firefox for linux - Penelusuran Google) [count: 1] Host: www.google.com visited from: https://www.google.com/search?q=edge+for+linux&client=ubuntu-sn&hs=qyf&sca_esv=28ae211c8bd1d722&channel=fs&ei=8KX7Z-TNEKOZ4-EP2eCu4Ag&ved=0ahUKEwjkhZbG-dSMAxWjzDgGHVmwC4wQ4dUDCA8&uact=5&oq=edge+for+linux&gs_lp=Egxnd3Mtd2l6LXNlcnAiDmVkZ2UgZm9yIGxpbnV4MgUQABiABDIFEAAYgAQyBhAAGBYYHjIGEAAYFhgeMgYQABgWGB4yBhAAGBYYHjIGEAAYFhgeMgYQABgWGB4yBhAAGBYYHjIGEAAYFhgeSKU9UI0uWL08cAF4AZABAJgB0gGgAcgKqgEGMTAuMy4xuAEDyAEA-AEBmAIPoAKlC8ICChAAGLADGNYEGEfCAg0QABiABBiwAxhDGIoFwgIREC4YgAQYsQMY0QMYgwEYxwHCAgsQLhiABBixAxiDAcICDhAAGIAEGLEDGIMBGIoFwgIIEAAYgAQYsQPCAgsQABiABBixAxiDAcICChAAGIAEGEMYigXCAg0QABiABBixAxhDGIoFwgIIEC4YgAQYsQPCAgUQLhiABMICCBAAGBYYChgemAMA4gMFEgExIECIBgGQBgqSBwU5LjUuMaAHuV6yBwU4LjUuMbgHngs&sclient=gws-wiz-serp (www.google.com) (URL not typed directly) Transition: LINK,sqlite/firefox_history,EXT:/home/javakanaya/snap/firefox/common/.mozilla/firefox/q8sqwvxo.default-1741919260855/places.sqlite-wal,-
2025-04-13T11:54:49.210934+00:00,Last Visited Time,WEBHIST,Firefox History,https://www.mozilla.org/en-US/firefox/linux/ (Download Mozilla Firefox for Linux — Fast  Private & Free from Mozilla) [count: 1] Host: www.mozilla.org visited from: https://www.google.com/search?q=firefox+for+linux&client=ubuntu-sn&hs=lJL&sca_esv=28ae211c8bd1d722&channel=fs&ei=_qX7Z-KmE4KYjuMPrfKZoQU&ved=0ahUKEwjine_M-dSMAxUCjGMGHS15JlQQ4dUDCA8&uact=5&oq=firefox+for+linux&gs_lp=Egxnd3Mtd2l6LXNlcnAiEWZpcmVmb3ggZm9yIGxpbnV4MgUQABiABDIFEAAYgAQyBRAAGIAEMgYQABgWGB4yBhAAGBYYHjIGEAAYFhgeMgYQABgWGB4yBhAAGBYYHjIGEAAYFhgeMgYQABgWGB5IthxQtwZY0RpwAXgBkAEBmAGbAaABjQ2qAQQxMS42uAEDyAEA-AEBmAIRoALcDMICChAAGLADGNYEGEfCAg0QABiABBiwAxhDGIoFwgIKEAAYgAQYQxiKBcICCxAAGIAEGLEDGIMBwgIIEAAYgAQYsQPCAg4QABiABBixAxiDARiKBcICDhAuGIAEGLEDGIMBGIoFwgINEAAYgAQYsQMYQxiKBcICCxAuGIAEGNEDGMcBwgIEEAAYA8ICDhAuGIAEGLEDGNEDGMcBmAMAiAYBkAYKkgcEMTEuNqAH4GCyBwQxMC42uAfUDA&sclient=gws-wiz-serp (www.google.com) (URL not typed directly) Transition: LINK,sqlite/firefox_history,EXT:/home/javakanaya/snap/firefox/common/.mozilla/firefox/q8sqwvxo.default-1741919260855/places.sqlite,-
2025-04-13T11:54:49.210934+00:00,Last Visited Time,WEBHIST,Firefox History,https://www.mozilla.org/en-US/firefox/linux/ (Download Mozilla Firefox for Linux — Fast  Private & Free from Mozilla) [count: 1] Host: www.mozilla.org visited from: https://www.google.com/search?q=firefox+for+linux&client=ubuntu-sn&hs=lJL&sca_esv=28ae211c8bd1d722&channel=fs&ei=_qX7Z-KmE4KYjuMPrfKZoQU&ved=0ahUKEwjine_M-dSMAxUCjGMGHS15JlQQ4dUDCA8&uact=5&oq=firefox+for+linux&gs_lp=Egxnd3Mtd2l6LXNlcnAiEWZpcmVmb3ggZm9yIGxpbnV4MgUQABiABDIFEAAYgAQyBRAAGIAEMgYQABgWGB4yBhAAGBYYHjIGEAAYFhgeMgYQABgWGB4yBhAAGBYYHjIGEAAYFhgeMgYQABgWGB5IthxQtwZY0RpwAXgBkAEBmAGbAaABjQ2qAQQxMS42uAEDyAEA-AEBmAIRoALcDMICChAAGLADGNYEGEfCAg0QABiABBiwAxhDGIoFwgIKEAAYgAQYQxiKBcICCxAAGIAEGLEDGIMBwgIIEAAYgAQYsQPCAg4QABiABBixAxiDARiKBcICDhAuGIAEGLEDGIMBGIoFwgINEAAYgAQYsQMYQxiKBcICCxAuGIAEGNEDGMcBwgIEEAAYA8ICDhAuGIAEGLEDGNEDGMcBmAMAiAYBkAYKkgcEMTEuNqAH4GCyBwQxMC42uAfUDA&sclient=gws-wiz-serp (www.google.com) (URL not typed directly) Transition: LINK,sqlite/firefox_history,EXT:/home/javakanaya/snap/firefox/common/.mozilla/firefox/q8sqwvxo.default-1741919260855/places.sqlite-wal,-
2025-04-13T11:55:11.505993+00:00,Last Visited Time,WEBHIST,Firefox History,https://download.mozilla.org/?product=firefox-latest-ssl&os=linux64&lang=en-US&_gl=1*1nkfpl8*_ga*MzUwMTU3NjIuMTc0NDU0NTI5MA..*_ga_MQ7767QQQW*MTc0NDU0NTI4OS4xLjEuMTc0NDU0NTMwMi4wLjAuMA.. [count: 1] Host: download.mozilla.org visited from: https://www.mozilla.org/en-US/firefox/linux/ (www.mozilla.org) (URL not typed directly) Transition: LINK,sqlite/firefox_history,EXT:/home/javakanaya/snap/firefox/common/.mozilla/firefox/q8sqwvxo.default-1741919260855/places.sqlite,-
2025-04-13T11:55:11.505993+00:00,Last Visited Time,WEBHIST,Firefox History,https://download.mozilla.org/?product=firefox-latest-ssl&os=linux64&lang=en-US&_gl=1*1nkfpl8*_ga*MzUwMTU3NjIuMTc0NDU0NTI5MA..*_ga_MQ7767QQQW*MTc0NDU0NTI4OS4xLjEuMTc0NDU0NTMwMi4wLjAuMA.. [count: 1] Host: download.mozilla.org visited from: https://www.mozilla.org/en-US/firefox/linux/ (www.mozilla.org) (URL not typed directly) Transition: LINK,sqlite/firefox_history,EXT:/home/javakanaya/snap/firefox/common/.mozilla/firefox/q8sqwvxo.default-1741919260855/places.sqlite-wal,-
2025-04-13T11:55:11.782000+00:00,Last Visited Time,WEBHIST,Firefox History,https://download-installer.cdn.mozilla.net/pub/firefox/releases/137.0.1/linux-x86_64/en-US/firefox-137.0.1.tar.xz (firefox-137.0.1.tar.xz) [count: 0] Host: download-installer.cdn.mozilla.net visited from: https://www.mozilla.org/en-US/firefox/linux/ (www.mozilla.org) (URL not typed directly) Transition: DOWNLOAD,sqlite/firefox_history,EXT:/home/javakanaya/snap/firefox/common/.mozilla/firefox/q8sqwvxo.default-1741919260855/places.sqlite,-
2025-04-13T11:55:11.782000+00:00,Last Visited Time,WEBHIST,Firefox History,https://download-installer.cdn.mozilla.net/pub/firefox/releases/137.0.1/linux-x86_64/en-US/firefox-137.0.1.tar.xz (firefox-137.0.1.tar.xz) [count: 0] Host: download-installer.cdn.mozilla.net visited from: https://www.mozilla.org/en-US/firefox/linux/ (www.mozilla.org) (URL not typed directly) Transition: DOWNLOAD,sqlite/firefox_history,EXT:/home/javakanaya/snap/firefox/common/.mozilla/firefox/q8sqwvxo.default-1741919260855/places.sqlite-wal,-
2025-04-13T11:55:31.515401+00:00,Last Visited Time,WEBHIST,Firefox History,http://yahoo.com/ [count: 1] Host: yahoo.com visited from:  (URL not typed directly) Transition: TYPED,sqlite/firefox_history,EXT:/home/javakanaya/snap/firefox/common/.mozilla/firefox/q8sqwvxo.default-1741919260855/places.sqlite,-
2025-04-13T11:55:31.515401+00:00,Last Visited Time,WEBHIST,Firefox History,http://yahoo.com/ [count: 1] Host: yahoo.com visited from:  (URL not typed directly) Transition: TYPED,sqlite/firefox_history,EXT:/home/javakanaya/snap/firefox/common/.mozilla/firefox/q8sqwvxo.default-1741919260855/places.sqlite-wal,-
2025-04-13T11:55:32.608033+00:00,Last Visited Time,WEBHIST,Firefox History,https://yahoo.com/ [count: 1] Host: yahoo.com visited from: http://yahoo.com/ (yahoo.com) (URL not typed directly) Transition: REDIRECT_PERMANENT,sqlite/firefox_history,EXT:/home/javakanaya/snap/firefox/common/.mozilla/firefox/q8sqwvxo.default-1741919260855/places.sqlite,-
2025-04-13T11:55:32.608033+00:00,Last Visited Time,WEBHIST,Firefox History,https://yahoo.com/ [count: 1] Host: yahoo.com visited from: http://yahoo.com/ (yahoo.com) (URL not typed directly) Transition: REDIRECT_PERMANENT,sqlite/firefox_history,EXT:/home/javakanaya/snap/firefox/common/.mozilla/firefox/q8sqwvxo.default-1741919260855/places.sqlite-wal,-
2025-04-13T11:55:33.353076+00:00,Last Visited Time,WEBHIST,Firefox History,https://www.yahoo.com/ (Yahoo | Mail  Weather  Search  Politics  News  Finance  Sports & Videos) [count: 1] Host: www.yahoo.com visited from: https://yahoo.com/ (yahoo.com) (URL not typed directly) Transition: REDIRECT_PERMANENT,sqlite/firefox_history,EXT:/home/javakanaya/snap/firefox/common/.mozilla/firefox/q8sqwvxo.default-1741919260855/places.sqlite,-
2025-04-13T11:55:33.353076+00:00,Last Visited Time,WEBHIST,Firefox History,https://www.yahoo.com/ (Yahoo | Mail  Weather  Search  Politics  News  Finance  Sports & Videos) [count: 1] Host: www.yahoo.com visited from: https://yahoo.com/ (yahoo.com) (URL not typed directly) Transition: REDIRECT_PERMANENT,sqlite/firefox_history,EXT:/home/javakanaya/snap/firefox/common/.mozilla/firefox/q8sqwvxo.default-1741919260855/places.sqlite-wal,-
2025-04-13T11:55:52.613049+00:00,Last Visited Time,WEBHIST,Firefox History,https://search.yahoo.com/search?p=download+docker+linux&fr=yfp-t-s&fr2=p%3Afp%2Cm%3Asa%2Cct%3Asa%2Ckt%3Anone&ei=UTF-8&fp=1&mkr=7 (download docker linux - Yahoo Search Results) [count: 1] Host: search.yahoo.com visited from: https://www.yahoo.com/ (www.yahoo.com) (URL not typed directly) Transition: LINK,sqlite/firefox_history,EXT:/home/javakanaya/snap/firefox/common/.mozilla/firefox/q8sqwvxo.default-1741919260855/places.sqlite,-
2025-04-13T11:55:52.613049+00:00,Last Visited Time,WEBHIST,Firefox History,https://search.yahoo.com/search?p=download+docker+linux&fr=yfp-t-s&fr2=p%3Afp%2Cm%3Asa%2Cct%3Asa%2Ckt%3Anone&ei=UTF-8&fp=1&mkr=7 (download docker linux - Yahoo Search Results) [count: 1] Host: search.yahoo.com visited from: https://www.yahoo.com/ (www.yahoo.com) (URL not typed directly) Transition: LINK,sqlite/firefox_history,EXT:/home/javakanaya/snap/firefox/common/.mozilla/firefox/q8sqwvxo.default-1741919260855/places.sqlite-wal,-
2025-04-13T11:55:58.760752+00:00,Last Visited Time,WEBHIST,Firefox History,https://docs.docker.com/engine/install/ubuntu/ (Ubuntu | Docker Docs) [count: 1] Host: docs.docker.com visited from: https://search.yahoo.com/search?p=download+docker+linux&fr=yfp-t-s&fr2=p%3Afp%2Cm%3Asa%2Cct%3Asa%2Ckt%3Anone&ei=UTF-8&fp=1&mkr=7 (search.yahoo.com) (URL not typed directly) Transition: LINK,sqlite/firefox_history,EXT:/home/javakanaya/snap/firefox/common/.mozilla/firefox/q8sqwvxo.default-1741919260855/places.sqlite,-
2025-04-13T11:55:58.760752+00:00,Last Visited Time,WEBHIST,Firefox History,https://docs.docker.com/engine/install/ubuntu/ (Ubuntu | Docker Docs) [count: 1] Host: docs.docker.com visited from: https://search.yahoo.com/search?p=download+docker+linux&fr=yfp-t-s&fr2=p%3Afp%2Cm%3Asa%2Cct%3Asa%2Ckt%3Anone&ei=UTF-8&fp=1&mkr=7 (search.yahoo.com) (URL not typed directly) Transition: LINK,sqlite/firefox_history,EXT:/home/javakanaya/snap/firefox/common/.mozilla/firefox/q8sqwvxo.default-1741919260855/places.sqlite-wal,-
2025-04-13T11:56:08.918444+00:00,Last Visited Time,WEBHIST,Firefox History,https://www.google.com/search?client=ubuntu-sn&channel=fs&q=duckduckgo+seach+engine (duckduckgo seach engine - Penelusuran Google) [count: 1] Host: www.google.com visited from:  (URL not typed directly) Transition: TYPED,sqlite/firefox_history,EXT:/home/javakanaya/snap/firefox/common/.mozilla/firefox/q8sqwvxo.default-1741919260855/places.sqlite,-
2025-04-13T11:56:08.918444+00:00,Last Visited Time,WEBHIST,Firefox History,https://www.google.com/search?client=ubuntu-sn&channel=fs&q=duckduckgo+seach+engine (duckduckgo seach engine - Penelusuran Google) [count: 1] Host: www.google.com visited from:  (URL not typed directly) Transition: TYPED,sqlite/firefox_history,EXT:/home/javakanaya/snap/firefox/common/.mozilla/firefox/q8sqwvxo.default-1741919260855/places.sqlite-wal,-
2025-04-13T11:56:11.123849+00:00,Last Visited Time,WEBHIST,Firefox History,https://duckduckgo.com/ (DuckDuckGo - Protection. Privacy. Peace of mind.) [count: 1] Host: duckduckgo.com visited from: https://www.google.com/search?client=ubuntu-sn&channel=fs&q=duckduckgo+seach+engine (www.google.com) (URL not typed directly) Transition: LINK,sqlite/firefox_history,EXT:/home/javakanaya/snap/firefox/common/.mozilla/firefox/q8sqwvxo.default-1741919260855/places.sqlite,-
2025-04-13T11:56:11.123849+00:00,Last Visited Time,WEBHIST,Firefox History,https://duckduckgo.com/ (DuckDuckGo - Protection. Privacy. Peace of mind.) [count: 1] Host: duckduckgo.com visited from: https://www.google.com/search?client=ubuntu-sn&channel=fs&q=duckduckgo+seach+engine (www.google.com) (URL not typed directly) Transition: LINK,sqlite/firefox_history,EXT:/home/javakanaya/snap/firefox/common/.mozilla/firefox/q8sqwvxo.default-1741919260855/places.sqlite-wal,-
2025-04-13T11:56:31.375378+00:00,Last Visited Time,WEBHIST,Firefox History,https://duckduckgo.com/?t=h_&q=download+utorrent+for+linux (download utorrent for linux at DuckDuckGo) [count: 1] Host: duckduckgo.com visited from: https://duckduckgo.com/ (duckduckgo.com) (URL not typed directly) Transition: LINK,sqlite/firefox_history,EXT:/home/javakanaya/snap/firefox/common/.mozilla/firefox/q8sqwvxo.default-1741919260855/places.sqlite,-
2025-04-13T11:56:31.375378+00:00,Last Visited Time,WEBHIST,Firefox History,https://duckduckgo.com/?t=h_&q=download+utorrent+for+linux (download utorrent for linux at DuckDuckGo) [count: 1] Host: duckduckgo.com visited from: https://duckduckgo.com/ (duckduckgo.com) (URL not typed directly) Transition: LINK,sqlite/firefox_history,EXT:/home/javakanaya/snap/firefox/common/.mozilla/firefox/q8sqwvxo.default-1741919260855/places.sqlite-wal,-
2025-04-13T11:56:32.467570+00:00,Last Visited Time,WEBHIST,Firefox History,https://duckduckgo.com/?t=h_&q=download+utorrent+for+linux&ia=web (download utorrent for linux at DuckDuckGo) [count: 1] Host: duckduckgo.com visited from: https://duckduckgo.com/?t=h_&q=download+utorrent+for+linux (duckduckgo.com) (URL not typed directly) Transition: LINK,sqlite/firefox_history,EXT:/home/javakanaya/snap/firefox/common/.mozilla/firefox/q8sqwvxo.default-1741919260855/places.sqlite,-
2025-04-13T11:56:32.467570+00:00,Last Visited Time,WEBHIST,Firefox History,https://duckduckgo.com/?t=h_&q=download+utorrent+for+linux&ia=web (download utorrent for linux at DuckDuckGo) [count: 1] Host: duckduckgo.com visited from: https://duckduckgo.com/?t=h_&q=download+utorrent+for+linux (duckduckgo.com) (URL not typed directly) Transition: LINK,sqlite/firefox_history,EXT:/home/javakanaya/snap/firefox/common/.mozilla/firefox/q8sqwvxo.default-1741919260855/places.sqlite-wal,-
2025-04-13T11:56:34.269057+00:00,Last Visited Time,WEBHIST,Firefox History,https://www.utorrent.com/downloads/linux/ (Download µTorrent (uTorrent) Linux Clients) [count: 2] Host: www.utorrent.com visited from: https://duckduckgo.com/?t=h_&q=download+utorrent+for+linux&ia=web (duckduckgo.com) (URL not typed directly) Transition: LINK,sqlite/firefox_history,EXT:/home/javakanaya/snap/firefox/common/.mozilla/firefox/q8sqwvxo.default-1741919260855/places.sqlite,-
2025-04-13T11:56:34.269057+00:00,Last Visited Time,WEBHIST,Firefox History,https://www.utorrent.com/downloads/linux/ (Download µTorrent (uTorrent) Linux Clients) [count: 2] Host: www.utorrent.com visited from: https://duckduckgo.com/?t=h_&q=download+utorrent+for+linux&ia=web (duckduckgo.com) (URL not typed directly) Transition: LINK,sqlite/firefox_history,EXT:/home/javakanaya/snap/firefox/common/.mozilla/firefox/q8sqwvxo.default-1741919260855/places.sqlite-wal,-
2025-04-13T11:56:40.348000+00:00,Last Visited Time,WEBHIST,Firefox History,https://download-hr.utorrent.com/track/beta/endpoint/utserver/os/linux-x64-debian-7-0 (utserver.tar.gz) [count: 0] Host: download-hr.utorrent.com visited from: https://www.utorrent.com/downloads/linux/ (www.utorrent.com) (URL not typed directly) Transition: DOWNLOAD,sqlite/firefox_history,EXT:/home/javakanaya/snap/firefox/common/.mozilla/firefox/q8sqwvxo.default-1741919260855/places.sqlite,-
2025-04-13T11:56:40.348000+00:00,Last Visited Time,WEBHIST,Firefox History,https://download-hr.utorrent.com/track/beta/endpoint/utserver/os/linux-x64-debian-7-0 (utserver.tar.gz) [count: 0] Host: download-hr.utorrent.com visited from: https://www.utorrent.com/downloads/linux/ (www.utorrent.com) (URL not typed directly) Transition: DOWNLOAD,sqlite/firefox_history,EXT:/home/javakanaya/snap/firefox/common/.mozilla/firefox/q8sqwvxo.default-1741919260855/places.sqlite-wal,-
2025-04-13T11:56:51.428918+00:00,Last Visited Time,WEBHIST,Firefox History,http://edge.com/ [count: 1] Host: edge.com visited from:  (URL not typed directly) Transition: TYPED,sqlite/firefox_history,EXT:/home/javakanaya/snap/firefox/common/.mozilla/firefox/q8sqwvxo.default-1741919260855/places.sqlite,-
2025-04-13T11:56:51.428918+00:00,Last Visited Time,WEBHIST,Firefox History,http://edge.com/ [count: 1] Host: edge.com visited from:  (URL not typed directly) Transition: TYPED,sqlite/firefox_history,EXT:/home/javakanaya/snap/firefox/common/.mozilla/firefox/q8sqwvxo.default-1741919260855/places.sqlite-wal,-
2025-04-13T11:56:54.927277+00:00,Last Visited Time,WEBHIST,Firefox History,https://edge.com/ [count: 1] Host: edge.com visited from: http://edge.com/ (edge.com) (URL not typed directly) Transition: REDIRECT_PERMANENT,sqlite/firefox_history,EXT:/home/javakanaya/snap/firefox/common/.mozilla/firefox/q8sqwvxo.default-1741919260855/places.sqlite,-
2025-04-13T11:56:54.927277+00:00,Last Visited Time,WEBHIST,Firefox History,https://edge.com/ [count: 1] Host: edge.com visited from: http://edge.com/ (edge.com) (URL not typed directly) Transition: REDIRECT_PERMANENT,sqlite/firefox_history,EXT:/home/javakanaya/snap/firefox/common/.mozilla/firefox/q8sqwvxo.default-1741919260855/places.sqlite-wal,-
2025-04-13T11:57:04.557360+00:00,Last Visited Time,WEBHIST,Firefox History,https://www.bing.com/ (Search - Microsoft Bing) [count: 1] Host: www.bing.com visited from:  (URL not typed directly) Transition: TYPED,sqlite/firefox_history,EXT:/home/javakanaya/snap/firefox/common/.mozilla/firefox/q8sqwvxo.default-1741919260855/places.sqlite,-
2025-04-13T11:57:04.557360+00:00,Last Visited Time,WEBHIST,Firefox History,https://www.bing.com/ (Search - Microsoft Bing) [count: 1] Host: www.bing.com visited from:  (URL not typed directly) Transition: TYPED,sqlite/firefox_history,EXT:/home/javakanaya/snap/firefox/common/.mozilla/firefox/q8sqwvxo.default-1741919260855/places.sqlite-wal,-
2025-04-13T11:57:35.261179+00:00,Last Visited Time,WEBHIST,Firefox History,https://www.bing.com/search?q=download+for+linux+autopsi&form=QBLH&sp=-1&ghc=1&lq=0&pq=download+for+linux+autopsi&sc=6-26&qs=n&sk=&cvid=AB3E3E94FE6B4DEC8E8A0FDF423384E5 (download for linux autopsi - Search) [count: 2] Host: www.bing.com visited from: https://www.bing.com/ (www.bing.com) (URL not typed directly) Transition: LINK,sqlite/firefox_history,EXT:/home/javakanaya/snap/firefox/common/.mozilla/firefox/q8sqwvxo.default-1741919260855/places.sqlite,-
2025-04-13T11:57:35.261179+00:00,Last Visited Time,WEBHIST,Firefox History,https://www.bing.com/search?q=download+for+linux+autopsi&form=QBLH&sp=-1&ghc=1&lq=0&pq=download+for+linux+autopsi&sc=6-26&qs=n&sk=&cvid=AB3E3E94FE6B4DEC8E8A0FDF423384E5 (download for linux autopsi - Search) [count: 2] Host: www.bing.com visited from: https://www.bing.com/ (www.bing.com) (URL not typed directly) Transition: LINK,sqlite/firefox_history,EXT:/home/javakanaya/snap/firefox/common/.mozilla/firefox/q8sqwvxo.default-1741919260855/places.sqlite-wal,-
2025-04-13T11:57:40.664595+00:00,Last Visited Time,WEBHIST,Firefox History,https://www.bing.com/ck/a?!&&p=69af488ea948fec3daf21aa3dae8a2aa9d46a0f395d7d343859bf8e0ec414f30JmltdHM9MTc0NDUwMjQwMA&ptn=3&ver=2&hsh=4&fclid=0bc9cecf-7026-6312-1675-da3b717062a7&u=a1aHR0cHM6Ly93d3cuYXV0b3BzeS5jb20vZG93bmxvYWQv&ntb=1 [count: 1] Host: www.bing.com visited from: https://www.bing.com/search?q=download+for+linux+autopsi&form=QBLH&sp=-1&ghc=1&lq=0&pq=download+for+linux+autopsi&sc=6-26&qs=n&sk=&cvid=AB3E3E94FE6B4DEC8E8A0FDF423384E5 (www.bing.com) (URL not typed directly) Transition: LINK,sqlite/firefox_history,EXT:/home/javakanaya/snap/firefox/common/.mozilla/firefox/q8sqwvxo.default-1741919260855/places.sqlite,-
2025-04-13T11:57:40.664595+00:00,Last Visited Time,WEBHIST,Firefox History,https://www.bing.com/ck/a?!&&p=69af488ea948fec3daf21aa3dae8a2aa9d46a0f395d7d343859bf8e0ec414f30JmltdHM9MTc0NDUwMjQwMA&ptn=3&ver=2&hsh=4&fclid=0bc9cecf-7026-6312-1675-da3b717062a7&u=a1aHR0cHM6Ly93d3cuYXV0b3BzeS5jb20vZG93bmxvYWQv&ntb=1 [count: 1] Host: www.bing.com visited from: https://www.bing.com/search?q=download+for+linux+autopsi&form=QBLH&sp=-1&ghc=1&lq=0&pq=download+for+linux+autopsi&sc=6-26&qs=n&sk=&cvid=AB3E3E94FE6B4DEC8E8A0FDF423384E5 (www.bing.com) (URL not typed directly) Transition: LINK,sqlite/firefox_history,EXT:/home/javakanaya/snap/firefox/common/.mozilla/firefox/q8sqwvxo.default-1741919260855/places.sqlite-wal,-
2025-04-13T11:57:40.689966+00:00,Last Visited Time,WEBHIST,Firefox History,https://www.bing.com/search?q=download+for+linux+autopsi&form=QBLH&sp=-1&ghc=1&lq=0&pq=download+for+linux+autopsi&sc=6-26&qs=n&sk=&cvid=AB3E3E94FE6B4DEC8E8A0FDF423384E5 (download for linux autopsi - Search) [count: 2] Host: www.bing.com visited from: https://www.bing.com/ck/a?!&&p=69af488ea948fec3daf21aa3dae8a2aa9d46a0f395d7d343859bf8e0ec414f30JmltdHM9MTc0NDUwMjQwMA&ptn=3&ver=2&hsh=4&fclid=0bc9cecf-7026-6312-1675-da3b717062a7&u=a1aHR0cHM6Ly93d3cuYXV0b3BzeS5jb20vZG93bmxvYWQv&ntb=1 (www.bing.com) (URL not typed directly) Transition: LINK,sqlite/firefox_history,EXT:/home/javakanaya/snap/firefox/common/.mozilla/firefox/q8sqwvxo.default-1741919260855/places.sqlite,-
2025-04-13T11:57:40.689966+00:00,Last Visited Time,WEBHIST,Firefox History,https://www.bing.com/search?q=download+for+linux+autopsi&form=QBLH&sp=-1&ghc=1&lq=0&pq=download+for+linux+autopsi&sc=6-26&qs=n&sk=&cvid=AB3E3E94FE6B4DEC8E8A0FDF423384E5 (download for linux autopsi - Search) [count: 2] Host: www.bing.com visited from: https://www.bing.com/ck/a?!&&p=69af488ea948fec3daf21aa3dae8a2aa9d46a0f395d7d343859bf8e0ec414f30JmltdHM9MTc0NDUwMjQwMA&ptn=3&ver=2&hsh=4&fclid=0bc9cecf-7026-6312-1675-da3b717062a7&u=a1aHR0cHM6Ly93d3cuYXV0b3BzeS5jb20vZG93bmxvYWQv&ntb=1 (www.bing.com) (URL not typed directly) Transition: LINK,sqlite/firefox_history,EXT:/home/javakanaya/snap/firefox/common/.mozilla/firefox/q8sqwvxo.default-1741919260855/places.sqlite-wal,-
2025-04-13T11:57:41.892206+00:00,Last Visited Time,WEBHIST,Firefox History,https://www.autopsy.com/download/ (Autopsy - Download) [count: 1] Host: www.autopsy.com visited from: https://www.bing.com/search?q=download+for+linux+autopsi&form=QBLH&sp=-1&ghc=1&lq=0&pq=download+for+linux+autopsi&sc=6-26&qs=n&sk=&cvid=AB3E3E94FE6B4DEC8E8A0FDF423384E5 (www.bing.com) (URL not typed directly) Transition: LINK,sqlite/firefox_history,EXT:/home/javakanaya/snap/firefox/common/.mozilla/firefox/q8sqwvxo.default-1741919260855/places.sqlite,-
2025-04-13T11:57:41.892206+00:00,Last Visited Time,WEBHIST,Firefox History,https://www.autopsy.com/download/ (Autopsy - Download) [count: 1] Host: www.autopsy.com visited from: https://www.bing.com/search?q=download+for+linux+autopsi&form=QBLH&sp=-1&ghc=1&lq=0&pq=download+for+linux+autopsi&sc=6-26&qs=n&sk=&cvid=AB3E3E94FE6B4DEC8E8A0FDF423384E5 (www.bing.com) (URL not typed directly) Transition: LINK,sqlite/firefox_history,EXT:/home/javakanaya/snap/firefox/common/.mozilla/firefox/q8sqwvxo.default-1741919260855/places.sqlite-wal,-
2025-04-13T11:57:45.743744+00:00,Last Visited Time,WEBHIST,Firefox History,https://github.com/sleuthkit/autopsy/releases/download/autopsy-4.22.0/autopsy-4.22.0-64bit.msi [count: 1] Host: github.com visited from: https://www.autopsy.com/download/ (www.autopsy.com) (URL not typed directly) Transition: LINK,sqlite/firefox_history,EXT:/home/javakanaya/snap/firefox/common/.mozilla/firefox/q8sqwvxo.default-1741919260855/places.sqlite,-
2025-04-13T11:57:45.743744+00:00,Last Visited Time,WEBHIST,Firefox History,https://github.com/sleuthkit/autopsy/releases/download/autopsy-4.22.0/autopsy-4.22.0-64bit.msi [count: 1] Host: github.com visited from: https://www.autopsy.com/download/ (www.autopsy.com) (URL not typed directly) Transition: LINK,sqlite/firefox_history,EXT:/home/javakanaya/snap/firefox/common/.mozilla/firefox/q8sqwvxo.default-1741919260855/places.sqlite-wal,-
2025-04-13T11:57:46.908000+00:00,Last Visited Time,WEBHIST,Firefox History,https://objects.githubusercontent.com/github-production-release-asset-2e65be/2516243/cdc4f38f-a364-44d0-a15f-6dd892ee2d73?X-Amz-Algorithm=AWS4-HMAC-SHA256&X-Amz-Credential=releaseassetproduction%2F20250413%2Fus-east-1%2Fs3%2Faws4_request&X-Amz-Date=20250413T115745Z&X-Amz-Expires=300&X-Amz-Signature=4a29961f40e9a77806b54ff3104341c0e532b0f08ea3138992fce45be8e8eca2&X-Amz-SignedHeaders=host&response-content-disposition=attachment%3B%20filename%3Dautopsy-4.22.0-64bit.msi&response-content-type=application%2Foctet-stream (autopsy-4.22.0-64bit.msi) [count: 0] Host: objects.githubusercontent.com visited from:  (URL not typed directly) Transition: DOWNLOAD,sqlite/firefox_history,EXT:/home/javakanaya/snap/firefox/common/.mozilla/firefox/q8sqwvxo.default-1741919260855/places.sqlite,-
2025-04-13T11:57:46.908000+00:00,Last Visited Time,WEBHIST,Firefox History,https://objects.githubusercontent.com/github-production-release-asset-2e65be/2516243/cdc4f38f-a364-44d0-a15f-6dd892ee2d73?X-Amz-Algorithm=AWS4-HMAC-SHA256&X-Amz-Credential=releaseassetproduction%2F20250413%2Fus-east-1%2Fs3%2Faws4_request&X-Amz-Date=20250413T115745Z&X-Amz-Expires=300&X-Amz-Signature=4a29961f40e9a77806b54ff3104341c0e532b0f08ea3138992fce45be8e8eca2&X-Amz-SignedHeaders=host&response-content-disposition=attachment%3B%20filename%3Dautopsy-4.22.0-64bit.msi&response-content-type=application%2Foctet-stream (autopsy-4.22.0-64bit.msi) [count: 0] Host: objects.githubusercontent.com visited from:  (URL not typed directly) Transition: DOWNLOAD,sqlite/firefox_history,EXT:/home/javakanaya/snap/firefox/common/.mozilla/firefox/q8sqwvxo.default-1741919260855/places.sqlite-wal,-
2025-04-13T11:58:11.187274+00:00,Last Visited Time,WEBHIST,Firefox History,https://www.bing.com/search?q=download+for+u+torrent&qs=n&form=QBRE&sp=-1&lq=0&pq=download+for+u+torrent&sc=9-22&sk=&cvid=02C5A8DCFCD847FE8A7AF3CE225D931F [count: 3] Host: www.bing.com visited from: https://www.bing.com/search?q=download+for+linux+autopsi&form=QBLH&sp=-1&ghc=1&lq=0&pq=download+for+linux+autopsi&sc=6-26&qs=n&sk=&cvid=AB3E3E94FE6B4DEC8E8A0FDF423384E5 (www.bing.com) (URL not typed directly) Transition: LINK,sqlite/firefox_history,EXT:/home/javakanaya/snap/firefox/common/.mozilla/firefox/q8sqwvxo.default-1741919260855/places.sqlite,-
2025-04-13T11:58:11.187274+00:00,Last Visited Time,WEBHIST,Firefox History,https://www.bing.com/search?q=download+for+u+torrent&qs=n&form=QBRE&sp=-1&lq=0&pq=download+for+u+torrent&sc=9-22&sk=&cvid=02C5A8DCFCD847FE8A7AF3CE225D931F [count: 3] Host: www.bing.com visited from: https://www.bing.com/search?q=download+for+linux+autopsi&form=QBLH&sp=-1&ghc=1&lq=0&pq=download+for+linux+autopsi&sc=6-26&qs=n&sk=&cvid=AB3E3E94FE6B4DEC8E8A0FDF423384E5 (www.bing.com) (URL not typed directly) Transition: LINK,sqlite/firefox_history,EXT:/home/javakanaya/snap/firefox/common/.mozilla/firefox/q8sqwvxo.default-1741919260855/places.sqlite-wal,-
2025-04-13T11:58:13.426690+00:00,Last Visited Time,WEBHIST,Firefox History,https://www.bing.com/ck/a?!&&p=98477ac0bca1fea493ed7d98b8bca24ed5c4e4263c922dcccee2092e7fc1b7e6JmltdHM9MTc0NDUwMjQwMA&ptn=3&ver=2&hsh=4&fclid=0bc9cecf-7026-6312-1675-da3b717062a7&u=a1aHR0cHM6Ly93d3cudXRvcnJlbnQuY29tL2Rvd25sb2Fkcy93aW4v&ntb=1 [count: 2] Host: www.bing.com visited from: https://www.bing.com/search?q=download+for+u+torrent&qs=n&form=QBRE&sp=-1&lq=0&pq=download+for+u+torrent&sc=9-22&sk=&cvid=02C5A8DCFCD847FE8A7AF3CE225D931F (www.bing.com) (URL not typed directly) Transition: LINK,sqlite/firefox_history,EXT:/home/javakanaya/snap/firefox/common/.mozilla/firefox/q8sqwvxo.default-1741919260855/places.sqlite,-
2025-04-13T11:58:13.426690+00:00,Last Visited Time,WEBHIST,Firefox History,https://www.bing.com/ck/a?!&&p=98477ac0bca1fea493ed7d98b8bca24ed5c4e4263c922dcccee2092e7fc1b7e6JmltdHM9MTc0NDUwMjQwMA&ptn=3&ver=2&hsh=4&fclid=0bc9cecf-7026-6312-1675-da3b717062a7&u=a1aHR0cHM6Ly93d3cudXRvcnJlbnQuY29tL2Rvd25sb2Fkcy93aW4v&ntb=1 [count: 2] Host: www.bing.com visited from: https://www.bing.com/search?q=download+for+u+torrent&qs=n&form=QBRE&sp=-1&lq=0&pq=download+for+u+torrent&sc=9-22&sk=&cvid=02C5A8DCFCD847FE8A7AF3CE225D931F (www.bing.com) (URL not typed directly) Transition: LINK,sqlite/firefox_history,EXT:/home/javakanaya/snap/firefox/common/.mozilla/firefox/q8sqwvxo.default-1741919260855/places.sqlite-wal,-
2025-04-13T11:58:13.450928+00:00,Last Visited Time,WEBHIST,Firefox History,https://www.bing.com/search?q=download+for+u+torrent&qs=n&form=QBRE&sp=-1&lq=0&pq=download+for+u+torrent&sc=9-22&sk=&cvid=02C5A8DCFCD847FE8A7AF3CE225D931F [count: 3] Host: www.bing.com visited from: https://www.bing.com/ck/a?!&&p=98477ac0bca1fea493ed7d98b8bca24ed5c4e4263c922dcccee2092e7fc1b7e6JmltdHM9MTc0NDUwMjQwMA&ptn=3&ver=2&hsh=4&fclid=0bc9cecf-7026-6312-1675-da3b717062a7&u=a1aHR0cHM6Ly93d3cudXRvcnJlbnQuY29tL2Rvd25sb2Fkcy93aW4v&ntb=1 (www.bing.com) (URL not typed directly) Transition: LINK,sqlite/firefox_history,EXT:/home/javakanaya/snap/firefox/common/.mozilla/firefox/q8sqwvxo.default-1741919260855/places.sqlite,-
2025-04-13T11:58:13.450928+00:00,Last Visited Time,WEBHIST,Firefox History,https://www.bing.com/search?q=download+for+u+torrent&qs=n&form=QBRE&sp=-1&lq=0&pq=download+for+u+torrent&sc=9-22&sk=&cvid=02C5A8DCFCD847FE8A7AF3CE225D931F [count: 3] Host: www.bing.com visited from: https://www.bing.com/ck/a?!&&p=98477ac0bca1fea493ed7d98b8bca24ed5c4e4263c922dcccee2092e7fc1b7e6JmltdHM9MTc0NDUwMjQwMA&ptn=3&ver=2&hsh=4&fclid=0bc9cecf-7026-6312-1675-da3b717062a7&u=a1aHR0cHM6Ly93d3cudXRvcnJlbnQuY29tL2Rvd25sb2Fkcy93aW4v&ntb=1 (www.bing.com) (URL not typed directly) Transition: LINK,sqlite/firefox_history,EXT:/home/javakanaya/snap/firefox/common/.mozilla/firefox/q8sqwvxo.default-1741919260855/places.sqlite-wal,-
2025-04-13T11:58:13.584312+00:00,Last Visited Time,WEBHIST,Firefox History,https://www.utorrent.com/downloads/win/ (Download µTorrent (uTorrent) Clients for Windows) [count: 2] Host: www.utorrent.com visited from: https://www.bing.com/search?q=download+for+u+torrent&qs=n&form=QBRE&sp=-1&lq=0&pq=download+for+u+torrent&sc=9-22&sk=&cvid=02C5A8DCFCD847FE8A7AF3CE225D931F (www.bing.com) (URL not typed directly) Transition: LINK,sqlite/firefox_history,EXT:/home/javakanaya/snap/firefox/common/.mozilla/firefox/q8sqwvxo.default-1741919260855/places.sqlite,-
2025-04-13T11:58:13.584312+00:00,Last Visited Time,WEBHIST,Firefox History,https://www.utorrent.com/downloads/win/ (Download µTorrent (uTorrent) Clients for Windows) [count: 2] Host: www.utorrent.com visited from: https://www.bing.com/search?q=download+for+u+torrent&qs=n&form=QBRE&sp=-1&lq=0&pq=download+for+u+torrent&sc=9-22&sk=&cvid=02C5A8DCFCD847FE8A7AF3CE225D931F (www.bing.com) (URL not typed directly) Transition: LINK,sqlite/firefox_history,EXT:/home/javakanaya/snap/firefox/common/.mozilla/firefox/q8sqwvxo.default-1741919260855/places.sqlite-wal,-
2025-04-13T11:58:14.877942+00:00,Last Visited Time,WEBHIST,Firefox History,https://www.utorrent.com/web/downloads/complete/track/stable/os/win/ (Thank you for Downloading µTorrent (uTorrent)) [count: 2] Host: www.utorrent.com visited from: https://www.utorrent.com/downloads/win/ (www.utorrent.com) (URL not typed directly) Transition: LINK,sqlite/firefox_history,EXT:/home/javakanaya/snap/firefox/common/.mozilla/firefox/q8sqwvxo.default-1741919260855/places.sqlite,-
2025-04-13T11:58:14.877942+00:00,Last Visited Time,WEBHIST,Firefox History,https://www.utorrent.com/web/downloads/complete/track/stable/os/win/ (Thank you for Downloading µTorrent (uTorrent)) [count: 2] Host: www.utorrent.com visited from: https://www.utorrent.com/downloads/win/ (www.utorrent.com) (URL not typed directly) Transition: LINK,sqlite/firefox_history,EXT:/home/javakanaya/snap/firefox/common/.mozilla/firefox/q8sqwvxo.default-1741919260855/places.sqlite-wal,-
2025-04-13T11:58:33.968247+00:00,Last Visited Time,WEBHIST,Firefox History,https://www.bing.com/ck/a?!&&p=98477ac0bca1fea493ed7d98b8bca24ed5c4e4263c922dcccee2092e7fc1b7e6JmltdHM9MTc0NDUwMjQwMA&ptn=3&ver=2&hsh=4&fclid=0bc9cecf-7026-6312-1675-da3b717062a7&u=a1aHR0cHM6Ly93d3cudXRvcnJlbnQuY29tL2Rvd25sb2Fkcy93aW4v&ntb=1 [count: 2] Host: www.bing.com visited from: https://www.bing.com/search?q=download+for+u+torrent&qs=n&form=QBRE&sp=-1&lq=0&pq=download+for+u+torrent&sc=9-22&sk=&cvid=02C5A8DCFCD847FE8A7AF3CE225D931F (www.bing.com) (URL not typed directly) Transition: LINK,sqlite/firefox_history,EXT:/home/javakanaya/snap/firefox/common/.mozilla/firefox/q8sqwvxo.default-1741919260855/places.sqlite,-
2025-04-13T11:58:33.968247+00:00,Last Visited Time,WEBHIST,Firefox History,https://www.bing.com/ck/a?!&&p=98477ac0bca1fea493ed7d98b8bca24ed5c4e4263c922dcccee2092e7fc1b7e6JmltdHM9MTc0NDUwMjQwMA&ptn=3&ver=2&hsh=4&fclid=0bc9cecf-7026-6312-1675-da3b717062a7&u=a1aHR0cHM6Ly93d3cudXRvcnJlbnQuY29tL2Rvd25sb2Fkcy93aW4v&ntb=1 [count: 2] Host: www.bing.com visited from: https://www.bing.com/search?q=download+for+u+torrent&qs=n&form=QBRE&sp=-1&lq=0&pq=download+for+u+torrent&sc=9-22&sk=&cvid=02C5A8DCFCD847FE8A7AF3CE225D931F (www.bing.com) (URL not typed directly) Transition: LINK,sqlite/firefox_history,EXT:/home/javakanaya/snap/firefox/common/.mozilla/firefox/q8sqwvxo.default-1741919260855/places.sqlite-wal,-
2025-04-13T11:58:33.982985+00:00,Last Visited Time,WEBHIST,Firefox History,https://www.bing.com/search?q=download+for+u+torrent&qs=n&form=QBRE&sp=-1&lq=0&pq=download+for+u+torrent&sc=9-22&sk=&cvid=02C5A8DCFCD847FE8A7AF3CE225D931F [count: 3] Host: www.bing.com visited from: https://www.bing.com/ck/a?!&&p=98477ac0bca1fea493ed7d98b8bca24ed5c4e4263c922dcccee2092e7fc1b7e6JmltdHM9MTc0NDUwMjQwMA&ptn=3&ver=2&hsh=4&fclid=0bc9cecf-7026-6312-1675-da3b717062a7&u=a1aHR0cHM6Ly93d3cudXRvcnJlbnQuY29tL2Rvd25sb2Fkcy93aW4v&ntb=1 (www.bing.com) (URL not typed directly) Transition: LINK,sqlite/firefox_history,EXT:/home/javakanaya/snap/firefox/common/.mozilla/firefox/q8sqwvxo.default-1741919260855/places.sqlite,-
2025-04-13T11:58:33.982985+00:00,Last Visited Time,WEBHIST,Firefox History,https://www.bing.com/search?q=download+for+u+torrent&qs=n&form=QBRE&sp=-1&lq=0&pq=download+for+u+torrent&sc=9-22&sk=&cvid=02C5A8DCFCD847FE8A7AF3CE225D931F [count: 3] Host: www.bing.com visited from: https://www.bing.com/ck/a?!&&p=98477ac0bca1fea493ed7d98b8bca24ed5c4e4263c922dcccee2092e7fc1b7e6JmltdHM9MTc0NDUwMjQwMA&ptn=3&ver=2&hsh=4&fclid=0bc9cecf-7026-6312-1675-da3b717062a7&u=a1aHR0cHM6Ly93d3cudXRvcnJlbnQuY29tL2Rvd25sb2Fkcy93aW4v&ntb=1 (www.bing.com) (URL not typed directly) Transition: LINK,sqlite/firefox_history,EXT:/home/javakanaya/snap/firefox/common/.mozilla/firefox/q8sqwvxo.default-1741919260855/places.sqlite-wal,-
2025-04-13T11:58:34.628230+00:00,Last Visited Time,WEBHIST,Firefox History,https://www.utorrent.com/downloads/win/ (Download µTorrent (uTorrent) Clients for Windows) [count: 2] Host: www.utorrent.com visited from: https://www.bing.com/search?q=download+for+u+torrent&qs=n&form=QBRE&sp=-1&lq=0&pq=download+for+u+torrent&sc=9-22&sk=&cvid=02C5A8DCFCD847FE8A7AF3CE225D931F (www.bing.com) (URL not typed directly) Transition: LINK,sqlite/firefox_history,EXT:/home/javakanaya/snap/firefox/common/.mozilla/firefox/q8sqwvxo.default-1741919260855/places.sqlite,-
2025-04-13T11:58:34.628230+00:00,Last Visited Time,WEBHIST,Firefox History,https://www.utorrent.com/downloads/win/ (Download µTorrent (uTorrent) Clients for Windows) [count: 2] Host: www.utorrent.com visited from: https://www.bing.com/search?q=download+for+u+torrent&qs=n&form=QBRE&sp=-1&lq=0&pq=download+for+u+torrent&sc=9-22&sk=&cvid=02C5A8DCFCD847FE8A7AF3CE225D931F (www.bing.com) (URL not typed directly) Transition: LINK,sqlite/firefox_history,EXT:/home/javakanaya/snap/firefox/common/.mozilla/firefox/q8sqwvxo.default-1741919260855/places.sqlite-wal,-
2025-04-13T11:58:35.352980+00:00,Last Visited Time,WEBHIST,Firefox History,https://www.utorrent.com/web/downloads/complete/track/stable/os/win/ (Thank you for Downloading µTorrent (uTorrent)) [count: 2] Host: www.utorrent.com visited from: https://www.utorrent.com/downloads/win/ (www.utorrent.com) (URL not typed directly) Transition: LINK,sqlite/firefox_history,EXT:/home/javakanaya/snap/firefox/common/.mozilla/firefox/q8sqwvxo.default-1741919260855/places.sqlite,-
2025-04-13T11:58:35.352980+00:00,Last Visited Time,WEBHIST,Firefox History,https://www.utorrent.com/web/downloads/complete/track/stable/os/win/ (Thank you for Downloading µTorrent (uTorrent)) [count: 2] Host: www.utorrent.com visited from: https://www.utorrent.com/downloads/win/ (www.utorrent.com) (URL not typed directly) Transition: LINK,sqlite/firefox_history,EXT:/home/javakanaya/snap/firefox/common/.mozilla/firefox/q8sqwvxo.default-1741919260855/places.sqlite-wal,-
2025-04-13T11:58:41.835965+00:00,Last Visited Time,WEBHIST,Firefox History,https://www.bing.com/search?q=download+for+u+torrent+for+linux&qs=n&form=QBRE&sp=-1&lq=0&pq=download+for+u+torrent+for+lin&sc=0-30&sk=&cvid=8840D54A97A54A70A3B7ADB0A1FD2DB0 [count: 2] Host: www.bing.com visited from: https://www.bing.com/search?q=download+for+u+torrent&qs=n&form=QBRE&sp=-1&lq=0&pq=download+for+u+torrent&sc=9-22&sk=&cvid=02C5A8DCFCD847FE8A7AF3CE225D931F (www.bing.com) (URL not typed directly) Transition: LINK,sqlite/firefox_history,EXT:/home/javakanaya/snap/firefox/common/.mozilla/firefox/q8sqwvxo.default-1741919260855/places.sqlite,-
2025-04-13T11:58:41.835965+00:00,Last Visited Time,WEBHIST,Firefox History,https://www.bing.com/search?q=download+for+u+torrent+for+linux&qs=n&form=QBRE&sp=-1&lq=0&pq=download+for+u+torrent+for+lin&sc=0-30&sk=&cvid=8840D54A97A54A70A3B7ADB0A1FD2DB0 [count: 2] Host: www.bing.com visited from: https://www.bing.com/search?q=download+for+u+torrent&qs=n&form=QBRE&sp=-1&lq=0&pq=download+for+u+torrent&sc=9-22&sk=&cvid=02C5A8DCFCD847FE8A7AF3CE225D931F (www.bing.com) (URL not typed directly) Transition: LINK,sqlite/firefox_history,EXT:/home/javakanaya/snap/firefox/common/.mozilla/firefox/q8sqwvxo.default-1741919260855/places.sqlite-wal,-
2025-04-13T11:58:43.930782+00:00,Last Visited Time,WEBHIST,Firefox History,https://www.bing.com/ck/a?!&&p=4c1a01577608e2edadbc31942d700a5166f779583da25085789312ba218e55e4JmltdHM9MTc0NDUwMjQwMA&ptn=3&ver=2&hsh=4&fclid=0bc9cecf-7026-6312-1675-da3b717062a7&u=a1aHR0cHM6Ly93d3cudXRvcnJlbnQuY29tL2Rvd25sb2Fkcy9saW51eC8&ntb=1 [count: 1] Host: www.bing.com visited from: https://www.bing.com/search?q=download+for+u+torrent+for+linux&qs=n&form=QBRE&sp=-1&lq=0&pq=download+for+u+torrent+for+lin&sc=0-30&sk=&cvid=8840D54A97A54A70A3B7ADB0A1FD2DB0 (www.bing.com) (URL not typed directly) Transition: LINK,sqlite/firefox_history,EXT:/home/javakanaya/snap/firefox/common/.mozilla/firefox/q8sqwvxo.default-1741919260855/places.sqlite,-
2025-04-13T11:58:43.930782+00:00,Last Visited Time,WEBHIST,Firefox History,https://www.bing.com/ck/a?!&&p=4c1a01577608e2edadbc31942d700a5166f779583da25085789312ba218e55e4JmltdHM9MTc0NDUwMjQwMA&ptn=3&ver=2&hsh=4&fclid=0bc9cecf-7026-6312-1675-da3b717062a7&u=a1aHR0cHM6Ly93d3cudXRvcnJlbnQuY29tL2Rvd25sb2Fkcy9saW51eC8&ntb=1 [count: 1] Host: www.bing.com visited from: https://www.bing.com/search?q=download+for+u+torrent+for+linux&qs=n&form=QBRE&sp=-1&lq=0&pq=download+for+u+torrent+for+lin&sc=0-30&sk=&cvid=8840D54A97A54A70A3B7ADB0A1FD2DB0 (www.bing.com) (URL not typed directly) Transition: LINK,sqlite/firefox_history,EXT:/home/javakanaya/snap/firefox/common/.mozilla/firefox/q8sqwvxo.default-1741919260855/places.sqlite-wal,-
2025-04-13T11:58:43.949233+00:00,Last Visited Time,WEBHIST,Firefox History,https://www.bing.com/search?q=download+for+u+torrent+for+linux&qs=n&form=QBRE&sp=-1&lq=0&pq=download+for+u+torrent+for+lin&sc=0-30&sk=&cvid=8840D54A97A54A70A3B7ADB0A1FD2DB0 [count: 2] Host: www.bing.com visited from: https://www.bing.com/ck/a?!&&p=4c1a01577608e2edadbc31942d700a5166f779583da25085789312ba218e55e4JmltdHM9MTc0NDUwMjQwMA&ptn=3&ver=2&hsh=4&fclid=0bc9cecf-7026-6312-1675-da3b717062a7&u=a1aHR0cHM6Ly93d3cudXRvcnJlbnQuY29tL2Rvd25sb2Fkcy9saW51eC8&ntb=1 (www.bing.com) (URL not typed directly) Transition: LINK,sqlite/firefox_history,EXT:/home/javakanaya/snap/firefox/common/.mozilla/firefox/q8sqwvxo.default-1741919260855/places.sqlite,-
2025-04-13T11:58:43.949233+00:00,Last Visited Time,WEBHIST,Firefox History,https://www.bing.com/search?q=download+for+u+torrent+for+linux&qs=n&form=QBRE&sp=-1&lq=0&pq=download+for+u+torrent+for+lin&sc=0-30&sk=&cvid=8840D54A97A54A70A3B7ADB0A1FD2DB0 [count: 2] Host: www.bing.com visited from: https://www.bing.com/ck/a?!&&p=4c1a01577608e2edadbc31942d700a5166f779583da25085789312ba218e55e4JmltdHM9MTc0NDUwMjQwMA&ptn=3&ver=2&hsh=4&fclid=0bc9cecf-7026-6312-1675-da3b717062a7&u=a1aHR0cHM6Ly93d3cudXRvcnJlbnQuY29tL2Rvd25sb2Fkcy9saW51eC8&ntb=1 (www.bing.com) (URL not typed directly) Transition: LINK,sqlite/firefox_history,EXT:/home/javakanaya/snap/firefox/common/.mozilla/firefox/q8sqwvxo.default-1741919260855/places.sqlite-wal,-
2025-04-13T11:58:44.260710+00:00,Last Visited Time,WEBHIST,Firefox History,https://www.utorrent.com/downloads/linux/ (Download µTorrent (uTorrent) Linux Clients) [count: 2] Host: www.utorrent.com visited from: https://www.bing.com/search?q=download+for+u+torrent+for+linux&qs=n&form=QBRE&sp=-1&lq=0&pq=download+for+u+torrent+for+lin&sc=0-30&sk=&cvid=8840D54A97A54A70A3B7ADB0A1FD2DB0 (www.bing.com) (URL not typed directly) Transition: LINK,sqlite/firefox_history,EXT:/home/javakanaya/snap/firefox/common/.mozilla/firefox/q8sqwvxo.default-1741919260855/places.sqlite,-
2025-04-13T11:58:44.260710+00:00,Last Visited Time,WEBHIST,Firefox History,https://www.utorrent.com/downloads/linux/ (Download µTorrent (uTorrent) Linux Clients) [count: 2] Host: www.utorrent.com visited from: https://www.bing.com/search?q=download+for+u+torrent+for+linux&qs=n&form=QBRE&sp=-1&lq=0&pq=download+for+u+torrent+for+lin&sc=0-30&sk=&cvid=8840D54A97A54A70A3B7ADB0A1FD2DB0 (www.bing.com) (URL not typed directly) Transition: LINK,sqlite/firefox_history,EXT:/home/javakanaya/snap/firefox/common/.mozilla/firefox/q8sqwvxo.default-1741919260855/places.sqlite-wal,-
2025-04-13T11:58:48.504000+00:00,Last Visited Time,WEBHIST,Firefox History,https://download-hr.utorrent.com/track/beta/endpoint/utserver/os/linux-x64-debian-7-0 (utserver.tar.gz) [count: 0] Host: download-hr.utorrent.com visited from: https://www.utorrent.com/downloads/linux/ (www.utorrent.com) (URL not typed directly) Transition: DOWNLOAD,sqlite/firefox_history,EXT:/home/javakanaya/snap/firefox/common/.mozilla/firefox/q8sqwvxo.default-1741919260855/places.sqlite,-
2025-04-13T11:58:48.504000+00:00,Last Visited Time,WEBHIST,Firefox History,https://download-hr.utorrent.com/track/beta/endpoint/utserver/os/linux-x64-debian-7-0 (utserver.tar.gz) [count: 0] Host: download-hr.utorrent.com visited from: https://www.utorrent.com/downloads/linux/ (www.utorrent.com) (URL not typed directly) Transition: DOWNLOAD,sqlite/firefox_history,EXT:/home/javakanaya/snap/firefox/common/.mozilla/firefox/q8sqwvxo.default-1741919260855/places.sqlite-wal,-
